Fund Name,P1,P2,P3,P4,P5,Topsis Score,Rank
M1,0.3029882782112265,0.2590387374833796,0.3089098385441758,0.32004536706402614,0.32024995033285353,0.37114940037788585,8
M2,0.3534863245797642,0.3473473979890771,0.40749808488806166,0.3395030518540822,0.348014520017914,0.613507747351189,3
M3,0.3305326671395198,0.30613668975308495,0.42721573415683883,0.20262830367575657,0.22714290199243495,0.38690349719098704,7
M4,0.3534863245797642,0.3473473979890771,0.2103215922002899,0.4180047456622395,0.4001927630467347,0.5359629945901084,6
M5,0.3351233986275687,0.3120239337867981,0.328627487812953,0.3998889701680494,0.3942090195801268,0.5899476152530435,4
M6,0.3718492505319598,0.38855810622506937,0.3614902365942482,0.39116655974492076,0.3906187735001621,0.7283893069431524,1
M7,0.40857510243635087,0.4650922786633406,0.40092553513180257,0.2529499022707292,0.27214065286132616,0.5605978220176787,5
M8,0.362667787555862,0.3650091300902166,0.335200037569212,0.43544956650849675,0.4272392835158023,0.7110005994473698,2
